sep=;
isDisabled;sizesOutOfStock;handlingURL
false;O/S;http://www.lamoda.ru/p/MP002XU037D4;
false;O/S;http://www.lamoda.ru/p/MP002XU03XSB;
false;O/S;http://www.lamoda.ru/p/MP002XU037D1;
false;O/S;http://www.lamoda.ru/p/MP002XU04M5U;
false;O/S;http://www.lamoda.ru/p/MP002XU03GEE;
false;O/S;http://www.lamoda.ru/p/MP002XU04S4P;
false;O/S;http://www.lamoda.ru/p/MP002XU04S4Q;
false;O/S;http://www.lamoda.ru/p/MP002XU04S4R;
false;O/S;http://www.lamoda.ru/p/MP002XU04S4Y;
false;O/S;http://www.lamoda.ru/p/MP002XU04S50;
false;55,57,;http://www.lamoda.ru/p/MP002XU0E20R;
false;55,61,;http://www.lamoda.ru/p/MP002XU02EVO;
false;55,59,61,;http://www.lamoda.ru/p/MP002XU02HQ4;
false;O/S;http://www.lamoda.ru/p/MP002XU02KEN;
false;O/S;http://www.lamoda.ru/p/MP002XU02KER;
false;O/S;http://www.lamoda.ru/p/MP002XU02KEX;
false;59,61,;http://www.lamoda.ru/p/MP002XU02YL5;
false;55,56,58,60,62,63,64,;http://www.lamoda.ru/p/MP002XU02YLT;
false;O/S;http://www.lamoda.ru/p/MP002XU037D2;
false;55,63,;http://www.lamoda.ru/p/MP002XU03G0Y;
false;O/S;http://www.lamoda.ru/p/MP002XU03G15;
false;O/S;http://www.lamoda.ru/p/MP002XU03HRI;
false;O/S;http://www.lamoda.ru/p/MP002XU03K66;
false;O/S;http://www.lamoda.ru/p/MP002XU03K67;
false;O/S;http://www.lamoda.ru/p/MP002XU03KL8;
false;O/S;http://www.lamoda.ru/p/MP002XU03TA1;
false;O/S;http://www.lamoda.ru/p/MP002XU03TA7;
false;O/S;http://www.lamoda.ru/p/MP002XU03TA8;
false;O/S;http://www.lamoda.ru/p/MP002XU03TAJ;
false;55,57,63,;http://www.lamoda.ru/p/MP002XU03XT4;
false;O/S;http://www.lamoda.ru/p/MP002XU045AV;
false;Всё доступно;http://www.lamoda.ru/p/MP002XU04M5S;
false;O/S;http://www.lamoda.ru/p/MP002XU04M5T;
false;O/S;http://www.lamoda.ru/p/MP002XU04M5V;
false;O/S;http://www.lamoda.ru/p/MP002XU04S4O;
false;O/S;http://www.lamoda.ru/p/MP002XU04S4S;
false;O/S;http://www.lamoda.ru/p/MP002XU04S4T;
false;O/S;http://www.lamoda.ru/p/MP002XU04S4X;
false;O/S;http://www.lamoda.ru/p/MP002XU04S4Z;
false;O/S;http://www.lamoda.ru/p/MP002XU04S51;
false;O/S;http://www.lamoda.ru/p/MP002XU04T92;
false;61,;http://www.lamoda.ru/p/MP002XU0E7C8;
false;55,;http://www.lamoda.ru/p/MP002XU0E7CA;
false;O/S;http://www.lamoda.ru/p/MP002XU0E9NM;
false;O/S;http://www.lamoda.ru/p/MP002XW083KY;
false;O/S;http://www.lamoda.ru/p/MP002XW0ENQN;
false;O/S;http://www.lamoda.ru/p/MP002XW0ITAE;
false;O/S;http://www.lamoda.ru/p/MP002XW0RI2N;
false;O/S;http://www.lamoda.ru/p/MP002XW0RIN2;
false;O/S;http://www.lamoda.ru/p/MP002XW18X8T;
false;56,58,;http://www.lamoda.ru/p/MP002XM0MUK6;
false;59,;http://www.lamoda.ru/p/MP002XM0MUKB;
false;55,59,61,;http://www.lamoda.ru/p/MP002XM0MUKG;
false;O/S;http://www.lamoda.ru/p/MP002XM0MUKI;
false;55,59,61,;http://www.lamoda.ru/p/MP002XM0N8Q8;
false;55,57,61,;http://www.lamoda.ru/p/MP002XM0N8QA;
false;59,;http://www.lamoda.ru/p/MP002XM0WHRN;
false;59,61,;http://www.lamoda.ru/p/MP002XM0WHS0;
false;55,61,;http://www.lamoda.ru/p/MP002XM0WHS3;
false;Всё доступно;http://www.lamoda.ru/p/MP002XM0WHS4;
false;55,57,61,;http://www.lamoda.ru/p/MP002XM0WHSD;
false;55,57,;http://www.lamoda.ru/p/MP002XM1H4PY;
false;55,61,;http://www.lamoda.ru/p/MP002XM1H4QC;
false;59,61,;http://www.lamoda.ru/p/MP002XM1H4QJ;
false;55,;http://www.lamoda.ru/p/MP002XM1H78C;
false;55,57,;http://www.lamoda.ru/p/MP002XM1H78F;
false;55,;http://www.lamoda.ru/p/MP002XM1H78G;
false;55,57,;http://www.lamoda.ru/p/MP002XM1H78P;
false;55,57,;http://www.lamoda.ru/p/MP002XM1H78Q;
false;55,61,;http://www.lamoda.ru/p/MP002XM1H78R;
false;55,56,57,58,61,;http://www.lamoda.ru/p/MP002XM1PX8S;
false;Всё доступно;http://www.lamoda.ru/p/MP002XM1RH2R;
false;Всё доступно;http://www.lamoda.ru/p/MP002XM1RH2S;
false;55,61,;http://www.lamoda.ru/p/MP002XM1RJYK;
false;61,;http://www.lamoda.ru/p/MP002XM1RJYL;
false;55,57,;http://www.lamoda.ru/p/MP002XM1RJYN;
false;56,58,61,;http://www.lamoda.ru/p/MP002XM246AT;
false;57,63,;http://www.lamoda.ru/p/MP002XU02HL6;
false;55,59,;http://www.lamoda.ru/p/MP002XU02HOD;
false;55,58,62,63,;http://www.lamoda.ru/p/MP002XU02HOE;
false;57,59,61,;http://www.lamoda.ru/p/MP002XU02HOJ;
false;57,;http://www.lamoda.ru/p/MP002XU02HOP;
false;57,61,;http://www.lamoda.ru/p/MP002XU02HOR;
false;O/S;http://www.lamoda.ru/p/MP002XU02HP7;
false;55,;http://www.lamoda.ru/p/MP002XU02HQ9;
false;61,;http://www.lamoda.ru/p/MP002XU02HQA;
false;55,56,58,60,62,63,64,;http://www.lamoda.ru/p/MP002XU02HR1;
false;55,58,59,60,62,;http://www.lamoda.ru/p/MP002XU02HR2;
false;O/S;http://www.lamoda.ru/p/MP002XU02KE7;
false;O/S;http://www.lamoda.ru/p/MP002XU02KEU;
false;O/S;http://www.lamoda.ru/p/MP002XU02KEW;
false;O/S;http://www.lamoda.ru/p/MP002XU02KGF;
false;Всё доступно;http://www.lamoda.ru/p/MP002XU02KGH;
false;55,63,;http://www.lamoda.ru/p/MP002XU02KGS;
false;O/S;http://www.lamoda.ru/p/MP002XU02NJO;
false;O/S;http://www.lamoda.ru/p/MP002XU02NJV;
false;55,61,;http://www.lamoda.ru/p/MP002XU02SFP;
false;55,61,;http://www.lamoda.ru/p/MP002XU02YL6;
false;55,56,57,60,61,62,63,;http://www.lamoda.ru/p/MP002XU02YLM;
false;55,56,60,61,62,63,;http://www.lamoda.ru/p/MP002XU02YLN;
false;55,56,58,60,61,62,63,;http://www.lamoda.ru/p/MP002XU02YMJ;
false;55,56,58,61,62,63,;http://www.lamoda.ru/p/MP002XU02YMK;
false;55,56,57,61,;http://www.lamoda.ru/p/MP002XU02YMM;
false;55,57,61,;http://www.lamoda.ru/p/MP002XU02YN0;
false;56,58,60,63,;http://www.lamoda.ru/p/MP002XU02YN3;
false;56,57,58,60,62,;http://www.lamoda.ru/p/MP002XU02YNJ;
false;55,57,60,62,;http://www.lamoda.ru/p/MP002XU02YNX;
false;58,60,61,;http://www.lamoda.ru/p/MP002XU02YO0;
false;55,56,57,58,60,;http://www.lamoda.ru/p/MP002XU02YO2;
false;55,56,57,60,;http://www.lamoda.ru/p/MP002XU02YO6;
false;Всё доступно;http://www.lamoda.ru/p/MP002XU02Z0C;
false;O/S;http://www.lamoda.ru/p/MP002XU0363C;
false;O/S;http://www.lamoda.ru/p/MP002XU0363R;
false;58,60,63,;http://www.lamoda.ru/p/MP002XU0364R;
false;63,;http://www.lamoda.ru/p/MP002XU0365J;
false;Всё доступно;http://www.lamoda.ru/p/MP002XU0365P;
false;57,63,;http://www.lamoda.ru/p/MP002XU036JA;
false;55,56,58,60,61,;http://www.lamoda.ru/p/MP002XU036PW;
false;63,;http://www.lamoda.ru/p/MP002XU036QD;
false;O/S;http://www.lamoda.ru/p/MP002XU03E0U;
false;57,61,63,;http://www.lamoda.ru/p/MP002XU03G0T;
false;O/S;http://www.lamoda.ru/p/MP002XU03G18;
false;O/S;http://www.lamoda.ru/p/MP002XU03GED;
false;O/S;http://www.lamoda.ru/p/MP002XU03GEF;
false;O/S;http://www.lamoda.ru/p/MP002XU03HRO;
false;61,;http://www.lamoda.ru/p/MP002XU03HZA;
false;O/S;http://www.lamoda.ru/p/MP002XU03K5D;
false;O/S;http://www.lamoda.ru/p/MP002XU03K5E;
false;55,63,;http://www.lamoda.ru/p/MP002XU03K5J;
false;O/S;http://www.lamoda.ru/p/MP002XU03K5K;
false;O/S;http://www.lamoda.ru/p/MP002XU03K5L;
false;O/S;http://www.lamoda.ru/p/MP002XU03K5N;
false;O/S;http://www.lamoda.ru/p/MP002XU03K5R;
false;O/S;http://www.lamoda.ru/p/MP002XU03K5X;
false;O/S;http://www.lamoda.ru/p/MP002XU03K5Y;
false;O/S;http://www.lamoda.ru/p/MP002XU03K63;
false;O/S;http://www.lamoda.ru/p/MP002XU03K64;
false;56,60,;http://www.lamoda.ru/p/MP002XU03KJU;
false;55,62,;http://www.lamoda.ru/p/MP002XU03KKJ;
false;55,56,57,58,60,62,63,64,;http://www.lamoda.ru/p/MP002XU03KKN;
false;57,58,63,;http://www.lamoda.ru/p/MP002XU03KKR;
false;55,56,58,60,62,63,;http://www.lamoda.ru/p/MP002XU03KKW;
false;O/S;http://www.lamoda.ru/p/MP002XU03KL7;
false;O/S;http://www.lamoda.ru/p/MP002XU03KLG;
false;55,61,;http://www.lamoda.ru/p/MP002XU03KPV;
false;55,;http://www.lamoda.ru/p/MP002XU03KPY;
true;O/S;http://www.lamoda.ru/p/MP002XU03KQ4;
false;55,56,62,63,;http://www.lamoda.ru/p/MP002XU03QZ0;
false;55,;http://www.lamoda.ru/p/MP002XU03QZ1;
false;O/S;http://www.lamoda.ru/p/MP002XU03QZ2;
false;O/S;http://www.lamoda.ru/p/MP002XU03QZ4;
false;55,63,;http://www.lamoda.ru/p/MP002XU03QZ7;
false;57,59,;http://www.lamoda.ru/p/MP002XU03QZ9;
false;O/S;http://www.lamoda.ru/p/MP002XU03TA5;
false;O/S;http://www.lamoda.ru/p/MP002XU03WZP;
false;O/S;http://www.lamoda.ru/p/MP002XU03XSH;
false;O/S;http://www.lamoda.ru/p/MP002XU03XTC;
false;57,;http://www.lamoda.ru/p/MP002XU03XUE;
false;O/S;http://www.lamoda.ru/p/MP002XU045AX;
false;55,59,61,;http://www.lamoda.ru/p/MP002XU04807;
true;O/S;http://www.lamoda.ru/p/MP002XU048JB;
false;O/S;http://www.lamoda.ru/p/MP002XU048K1;
false;O/S;http://www.lamoda.ru/p/MP002XU04EM9;
false;O/S;http://www.lamoda.ru/p/MP002XU04EMB;
false;55,;http://www.lamoda.ru/p/MP002XU04EMG;
false;58,60,61,62,63,;http://www.lamoda.ru/p/MP002XU04M53;
false;58,60,61,63,;http://www.lamoda.ru/p/MP002XU04M59;
false;Всё доступно;http://www.lamoda.ru/p/MP002XU04M5G;
false;55,61,;http://www.lamoda.ru/p/MP002XU04M5Q;
false;O/S;http://www.lamoda.ru/p/MP002XU04M5W;
false;O/S;http://www.lamoda.ru/p/MP002XU04M60;
false;O/S;http://www.lamoda.ru/p/MP002XU04M6A;
false;O/S;http://www.lamoda.ru/p/MP002XU04M6D;
false;O/S;http://www.lamoda.ru/p/MP002XU04M6G;
false;55,63,;http://www.lamoda.ru/p/MP002XU04M6J;
false;O/S;http://www.lamoda.ru/p/MP002XU04S4L;
false;O/S;http://www.lamoda.ru/p/MP002XU04S4V;
false;61,;http://www.lamoda.ru/p/MP002XU04T80;
false;61,;http://www.lamoda.ru/p/MP002XU04T8E;
false;Всё доступно;http://www.lamoda.ru/p/MP002XU04T8I;
false;55,56,58,60,62,63,;http://www.lamoda.ru/p/MP002XU04T8M;
false;63,;http://www.lamoda.ru/p/MP002XU04T8N;
false;63,;http://www.lamoda.ru/p/MP002XU04T8P;
false;56,58,60,62,63,;http://www.lamoda.ru/p/MP002XU04T8T;
false;61,;http://www.lamoda.ru/p/MP002XU04T8W;
false;56,58,60,62,;http://www.lamoda.ru/p/MP002XU04T8Y;
false;55,;http://www.lamoda.ru/p/MP002XU04T91;
false;O/S;http://www.lamoda.ru/p/MP002XU04T96;
false;O/S;http://www.lamoda.ru/p/MP002XU04T97;
false;O/S;http://www.lamoda.ru/p/MP002XU04T9B;
false;O/S;http://www.lamoda.ru/p/MP002XU04T9N;
false;O/S;http://www.lamoda.ru/p/MP002XU04T9R;
false;O/S;http://www.lamoda.ru/p/MP002XU04T9Y;
false;O/S;http://www.lamoda.ru/p/MP002XU04UOQ;
false;58,60,61,;http://www.lamoda.ru/p/MP002XU04WHG;
false;60,;http://www.lamoda.ru/p/MP002XU04WIB;
false;Всё доступно;http://www.lamoda.ru/p/MP002XU04WIC;
false;58,60,;http://www.lamoda.ru/p/MP002XU04WIE;
false;58,60,;http://www.lamoda.ru/p/MP002XU04WIJ;
false;56,57,58,60,;http://www.lamoda.ru/p/MP002XU04WIL;
false;Всё доступно;http://www.lamoda.ru/p/MP002XU04WIQ;
false;Всё доступно;http://www.lamoda.ru/p/MP002XU04WJP;
false;55,;http://www.lamoda.ru/p/MP002XU04WJW;
false;Всё доступно;http://www.lamoda.ru/p/MP002XU04WJX;
false;Всё доступно;http://www.lamoda.ru/p/MP002XU04WJY;
false;Всё доступно;http://www.lamoda.ru/p/MP002XU04WJZ;
false;O/S;http://www.lamoda.ru/p/MP002XU04YWP;
false;O/S;http://www.lamoda.ru/p/MP002XU04YWT;
false;O/S;http://www.lamoda.ru/p/MP002XU04YWX;
false;O/S;http://www.lamoda.ru/p/MP002XU04YWY;
false;O/S;http://www.lamoda.ru/p/MP002XU04YWZ;
false;O/S;http://www.lamoda.ru/p/MP002XU04YX0;
false;O/S;http://www.lamoda.ru/p/MP002XU04YX1;
false;O/S;http://www.lamoda.ru/p/MP002XU04YX3;
false;O/S;http://www.lamoda.ru/p/MP002XU04YX5;
false;O/S;http://www.lamoda.ru/p/MP002XU04YX7;
false;O/S;http://www.lamoda.ru/p/MP002XU04YX8;
false;O/S;http://www.lamoda.ru/p/MP002XU04YX9;
false;O/S;http://www.lamoda.ru/p/MP002XU04YXC;
false;O/S;http://www.lamoda.ru/p/MP002XU04YXI;
false;O/S;http://www.lamoda.ru/p/MP002XU04YXK;
false;O/S;http://www.lamoda.ru/p/MP002XU04YXN;
false;O/S;http://www.lamoda.ru/p/MP002XU04YXP;
false;O/S;http://www.lamoda.ru/p/MP002XU04YXQ;
false;O/S;http://www.lamoda.ru/p/MP002XU04YXU;
false;O/S;http://www.lamoda.ru/p/MP002XU04YXW;
false;O/S;http://www.lamoda.ru/p/MP002XU04YXY;
false;O/S;http://www.lamoda.ru/p/MP002XU04YY2;
false;O/S;http://www.lamoda.ru/p/MP002XU04YY9;
false;O/S;http://www.lamoda.ru/p/MP002XU04YYB;
false;O/S;http://www.lamoda.ru/p/MP002XU04YYD;
false;O/S;http://www.lamoda.ru/p/MP002XU04YYF;
false;O/S;http://www.lamoda.ru/p/MP002XU04YYG;
false;O/S;http://www.lamoda.ru/p/MP002XU04YZ5;
false;O/S;http://www.lamoda.ru/p/MP002XU04YZU;
false;O/S;http://www.lamoda.ru/p/MP002XU04Z07;
false;O/S;http://www.lamoda.ru/p/MP002XU04Z08;
false;O/S;http://www.lamoda.ru/p/MP002XU04Z0C;
false;O/S;http://www.lamoda.ru/p/MP002XU04Z0D;
false;O/S;http://www.lamoda.ru/p/MP002XU04Z0M;
false;O/S;http://www.lamoda.ru/p/MP002XU04Z10;
false;O/S;http://www.lamoda.ru/p/MP002XU04Z11;
false;O/S;http://www.lamoda.ru/p/MP002XU04Z12;
false;O/S;http://www.lamoda.ru/p/MP002XU04Z13;
false;O/S;http://www.lamoda.ru/p/MP002XU04Z15;
false;O/S;http://www.lamoda.ru/p/MP002XU04Z19;
false;O/S;http://www.lamoda.ru/p/MP002XU04Z1G;
false;O/S;http://www.lamoda.ru/p/MP002XU04Z1H;
false;O/S;http://www.lamoda.ru/p/MP002XU04Z1J;
false;O/S;http://www.lamoda.ru/p/MP002XU04Z1K;
false;O/S;http://www.lamoda.ru/p/MP002XU04Z1L;
false;O/S;http://www.lamoda.ru/p/MP002XU04Z1M;
false;O/S;http://www.lamoda.ru/p/MP002XU04Z1N;
false;O/S;http://www.lamoda.ru/p/MP002XU04Z1O;
false;O/S;http://www.lamoda.ru/p/MP002XU04Z2T;
false;O/S;http://www.lamoda.ru/p/MP002XU04Z2W;
false;O/S;http://www.lamoda.ru/p/MP002XU04Z30;
false;55,61,;http://www.lamoda.ru/p/MP002XU04ZU6;
false;55,61,;http://www.lamoda.ru/p/MP002XU04ZU8;
false;55,61,;http://www.lamoda.ru/p/MP002XU04ZUB;
false;61,;http://www.lamoda.ru/p/MP002XU0E17L;
false;61,;http://www.lamoda.ru/p/MP002XU0E17T;
false;Всё доступно;http://www.lamoda.ru/p/MP002XU0E1AG;
false;Всё доступно;http://www.lamoda.ru/p/MP002XU0E1AJ;
false;61,;http://www.lamoda.ru/p/MP002XU0E1AX;
false;55,57,61,63,;http://www.lamoda.ru/p/MP002XU0E1WW;
false;57,;http://www.lamoda.ru/p/MP002XU0E7C4;
false;55,57,;http://www.lamoda.ru/p/MP002XU0E7CJ;
false;Всё доступно;http://www.lamoda.ru/p/MP002XU0E7CV;
false;55,;http://www.lamoda.ru/p/MP002XU0E7DA;
false;Всё доступно;http://www.lamoda.ru/p/MP002XU0E7DB;
false;55,56,58,59,60,62,63,;http://www.lamoda.ru/p/MP002XU0E7DM;
false;55,56,58,60,62,63,64,;http://www.lamoda.ru/p/MP002XU0E7DN;
false;55,57,;http://www.lamoda.ru/p/MP002XU0E7E9;
false;O/S;http://www.lamoda.ru/p/MP002XU0E7MQ;
false;O/S;http://www.lamoda.ru/p/MP002XU0E7MR;
false;57,63,;http://www.lamoda.ru/p/MP002XU0E9I7;
false;58,60,62,63,;http://www.lamoda.ru/p/MP002XU0E9J2;
false;O/S;http://www.lamoda.ru/p/MP002XU0E9NC;
false;O/S;http://www.lamoda.ru/p/MP002XU0E9NH;
false;55,61,;http://www.lamoda.ru/p/MP002XW01HHF;
false;O/S;http://www.lamoda.ru/p/MP002XW01HHM;
false;O/S;http://www.lamoda.ru/p/MP002XW02C44;
false;57,;http://www.lamoda.ru/p/MP002XW02DBS;
false;57,;http://www.lamoda.ru/p/MP002XW02DBT;
false;55,;http://www.lamoda.ru/p/MP002XW02EYY;
false;O/S;http://www.lamoda.ru/p/MP002XW02EYZ;
false;O/S;http://www.lamoda.ru/p/MP002XW02LUH;
false;O/S;http://www.lamoda.ru/p/MP002XW02LUK;
false;O/S;http://www.lamoda.ru/p/MP002XW02YDO;
false;O/S;http://www.lamoda.ru/p/MP002XW083JY;
false;O/S;http://www.lamoda.ru/p/MP002XW0CAH7;
false;O/S;http://www.lamoda.ru/p/MP002XW0QYZZ;
false;O/S;http://www.lamoda.ru/p/MP002XW0RI0U;
false;O/S;http://www.lamoda.ru/p/MP002XW0RI0X;
false;O/S;http://www.lamoda.ru/p/MP002XW0RI12;
false;O/S;http://www.lamoda.ru/p/MP002XW0RI13;
false;O/S;http://www.lamoda.ru/p/MP002XW0RI1E;
false;O/S;http://www.lamoda.ru/p/MP002XW0RI1G;
false;O/S;http://www.lamoda.ru/p/MP002XW0RI1J;
false;O/S;http://www.lamoda.ru/p/MP002XW0RI1P;
false;O/S;http://www.lamoda.ru/p/MP002XW0RI23;
false;O/S;http://www.lamoda.ru/p/MP002XW0RI24;
false;O/S;http://www.lamoda.ru/p/MP002XW0RI25;
false;O/S;http://www.lamoda.ru/p/MP002XW0RI26;
false;O/S;http://www.lamoda.ru/p/MP002XW0RI27;
false;O/S;http://www.lamoda.ru/p/MP002XW0RI2G;
false;O/S;http://www.lamoda.ru/p/MP002XW0RI2I;
false;O/S;http://www.lamoda.ru/p/MP002XW0RI2O;
false;O/S;http://www.lamoda.ru/p/MP002XW0RI34;
false;O/S;http://www.lamoda.ru/p/MP002XW0WJ43;
false;O/S;http://www.lamoda.ru/p/MP002XW10AY8;
false;O/S;http://www.lamoda.ru/p/MP002XW10OKB;
false;55,;http://www.lamoda.ru/p/MP002XW15KZX;
false;O/S;http://www.lamoda.ru/p/MP002XW18X9I;
false;O/S;http://www.lamoda.ru/p/MP002XW18X9N;
false;O/S;http://www.lamoda.ru/p/MP002XW18XA9;
false;O/S;http://www.lamoda.ru/p/MP002XW18Y62;
false;O/S;http://www.lamoda.ru/p/MP002XW18ZC2;
false;O/S;http://www.lamoda.ru/p/MP002XW1IAYY;
false;O/S;http://www.lamoda.ru/p/MP002XW1IB1X;
false;56,58,59,61,;http://www.lamoda.ru/p/MP002XM09L3W;
false;57,60,61,;http://www.lamoda.ru/p/MP002XM0MUK9;
false;59,61,;http://www.lamoda.ru/p/MP002XM0MUKC;
false;57,59,61,;http://www.lamoda.ru/p/MP002XM0MUKD;
false;55,61,;http://www.lamoda.ru/p/MP002XM0MUKE;
false;55,61,;http://www.lamoda.ru/p/MP002XM0MUKF;
false;55,61,;http://www.lamoda.ru/p/MP002XM0MUKH;
false;57,61,;http://www.lamoda.ru/p/MP002XM0MVTA;
false;63,;http://www.lamoda.ru/p/MP002XM0N8Q3;
false;57,58,60,61,;http://www.lamoda.ru/p/MP002XM0QSSJ;
false;55,59,61,;http://www.lamoda.ru/p/MP002XM0VQ1A;
false;55,61,;http://www.lamoda.ru/p/MP002XM0VQ1B;
false;59,61,;http://www.lamoda.ru/p/MP002XM0VQ1D;
false;55,61,;http://www.lamoda.ru/p/MP002XM0VQ1L;
false;55,59,61,;http://www.lamoda.ru/p/MP002XM0VQ1M;
false;61,;http://www.lamoda.ru/p/MP002XM0VQ1N;
false;59,;http://www.lamoda.ru/p/MP002XM0WHRK;
true;O/S;http://www.lamoda.ru/p/MP002XM0WHRL;
false;Всё доступно;http://www.lamoda.ru/p/MP002XM0WHRP;
true;O/S;http://www.lamoda.ru/p/MP002XM0WHRT;
false;55,56,58,59,60,61,;http://www.lamoda.ru/p/MP002XM0WHRV;
false;55,56,58,60,61,;http://www.lamoda.ru/p/MP002XM0WHRW;
false;55,57,61,;http://www.lamoda.ru/p/MP002XM0WHRX;
false;59,;http://www.lamoda.ru/p/MP002XM0WHRZ;
false;Всё доступно;http://www.lamoda.ru/p/MP002XM0WHS1;
false;Всё доступно;http://www.lamoda.ru/p/MP002XM0WHS2;
false;55,56,58,59,60,61,;http://www.lamoda.ru/p/MP002XM0WHS5;
false;55,56,58,60,;http://www.lamoda.ru/p/MP002XM0WHS6;
false;55,56,59,60,;http://www.lamoda.ru/p/MP002XM0WHS8;
false;55,56,57,58,60,61,;http://www.lamoda.ru/p/MP002XM0WHS9;
false;55,61,;http://www.lamoda.ru/p/MP002XM0WHSA;
false;59,;http://www.lamoda.ru/p/MP002XM0WHSB;
false;Всё доступно;http://www.lamoda.ru/p/MP002XM0WHSC;
false;55,;http://www.lamoda.ru/p/MP002XM0WHSE;
false;59,61,;http://www.lamoda.ru/p/MP002XM0WHSG;
true;O/S;http://www.lamoda.ru/p/MP002XM0WHSJ;
false;55,57,61,;http://www.lamoda.ru/p/MP002XM0WHSM;
false;55,61,;http://www.lamoda.ru/p/MP002XM0WHSN;
true;O/S;http://www.lamoda.ru/p/MP002XM0WHSO;
false;55,59,;http://www.lamoda.ru/p/MP002XM1H4Q3;
false;59,61,;http://www.lamoda.ru/p/MP002XM1H4QK;
true;O/S;http://www.lamoda.ru/p/MP002XM1H781;
false;56,58,60,;http://www.lamoda.ru/p/MP002XM1H783;
false;55,56,58,60,61,;http://www.lamoda.ru/p/MP002XM1H786;
false;55,57,59,60,61,62,63,;http://www.lamoda.ru/p/MP002XM1H787;
false;55,57,61,;http://www.lamoda.ru/p/MP002XM1H788;
false;55,56,58,60,61,;http://www.lamoda.ru/p/MP002XM1H78D;
false;59,;http://www.lamoda.ru/p/MP002XM1H78L;
false;59,;http://www.lamoda.ru/p/MP002XM1H78M;
false;55,59,;http://www.lamoda.ru/p/MP002XM1H78N;
false;55,59,;http://www.lamoda.ru/p/MP002XM1H78O;
false;55,61,;http://www.lamoda.ru/p/MP002XM1H78S;
false;55,59,61,;http://www.lamoda.ru/p/MP002XM1H78T;
false;55,59,;http://www.lamoda.ru/p/MP002XM1H78U;
false;55,59,;http://www.lamoda.ru/p/MP002XM1H78W;
false;55,57,;http://www.lamoda.ru/p/MP002XM1H78X;
false;55,59,61,;http://www.lamoda.ru/p/MP002XM1H78Y;
false;55,57,59,60,;http://www.lamoda.ru/p/MP002XM1HMNO;
false;55,57,;http://www.lamoda.ru/p/MP002XM1I3QY;
false;55,57,61,;http://www.lamoda.ru/p/MP002XM1I3R1;
false;55,61,;http://www.lamoda.ru/p/MP002XM1I3RC;
false;55,57,63,;http://www.lamoda.ru/p/MP002XM1I3RF;
false;55,61,;http://www.lamoda.ru/p/MP002XM1I3S0;
false;55,61,63,;http://www.lamoda.ru/p/MP002XM1I3S1;
false;55,61,;http://www.lamoda.ru/p/MP002XM1I3S2;
false;55,61,;http://www.lamoda.ru/p/MP002XM1I3S3;
false;55,61,63,;http://www.lamoda.ru/p/MP002XM1I3S4;
false;55,56,57,58,60,61,;http://www.lamoda.ru/p/MP002XM1PX8T;
false;61,;http://www.lamoda.ru/p/MP002XM1RJYE;
false;61,;http://www.lamoda.ru/p/MP002XM1RJYG;
false;61,;http://www.lamoda.ru/p/MP002XM1RJYJ;
false;55,;http://www.lamoda.ru/p/MP002XM1RJYO;
false;55,;http://www.lamoda.ru/p/MP002XM1ZS7A;
false;55,57,61,;http://www.lamoda.ru/p/MP002XM1ZS7B;
false;55,59,61,;http://www.lamoda.ru/p/MP002XM1ZSZD;
false;61,;http://www.lamoda.ru/p/MP002XM1ZSZE;
false;55,61,;http://www.lamoda.ru/p/MP002XM20VIA;
false;55,59,;http://www.lamoda.ru/p/MP002XM20VIC;
false;55,;http://www.lamoda.ru/p/MP002XM20VID;
false;55,61,;http://www.lamoda.ru/p/MP002XM20VIG;
false;55,59,61,63,;http://www.lamoda.ru/p/MP002XM20VII;
false;55,59,61,;http://www.lamoda.ru/p/MP002XM20VIJ;
false;55,59,61,63,;http://www.lamoda.ru/p/MP002XM20VIK;
false;55,56,57,61,;http://www.lamoda.ru/p/MP002XM246AU;
false;55,56,58,60,;http://www.lamoda.ru/p/MP002XM246AV;
false;55,56,57,58,60,62,;http://www.lamoda.ru/p/MP002XM246AW;
false;22,23,26,27,;http://www.lamoda.ru/p/MP002XM24QW2;
false;22,26,27,;http://www.lamoda.ru/p/MP002XM24QW6;
false;56,57,58,59,61,;http://www.lamoda.ru/p/MP002XU02EVH;
false;55,56,57,58,59,60,;http://www.lamoda.ru/p/MP002XU02EVJ;
false;55,61,;http://www.lamoda.ru/p/MP002XU02EVK;
false;55,57,61,;http://www.lamoda.ru/p/MP002XU02EVP;
false;57,59,61,;http://www.lamoda.ru/p/MP002XU02EVR;
false;O/S;http://www.lamoda.ru/p/MP002XU02HKM;
false;55,59,;http://www.lamoda.ru/p/MP002XU02HKW;
false;55,59,61,63,;http://www.lamoda.ru/p/MP002XU02HL1;
false;55,59,61,;http://www.lamoda.ru/p/MP002XU02HL3;
true;O/S;http://www.lamoda.ru/p/MP002XU02HL4;
false;55,57,61,63,;http://www.lamoda.ru/p/MP002XU02HL7;
true;O/S;http://www.lamoda.ru/p/MP002XU02HLB;
false;55,;http://www.lamoda.ru/p/MP002XU02HNE;
false;55,59,61,;http://www.lamoda.ru/p/MP002XU02HOS;
false;55,59,63,;http://www.lamoda.ru/p/MP002XU02HOT;
false;55,59,61,;http://www.lamoda.ru/p/MP002XU02HP3;
false;55,63,;http://www.lamoda.ru/p/MP002XU02HP5;
false;55,57,63,;http://www.lamoda.ru/p/MP002XU02HP8;
false;55,57,63,;http://www.lamoda.ru/p/MP002XU02HP9;
false;57,59,63,;http://www.lamoda.ru/p/MP002XU02HPA;
false;O/S;http://www.lamoda.ru/p/MP002XU02HPE;
false;57,61,63,;http://www.lamoda.ru/p/MP002XU02HPQ;
false;55,57,61,;http://www.lamoda.ru/p/MP002XU02HPW;
false;Всё доступно;http://www.lamoda.ru/p/MP002XU02HQ2;
false;58,61,;http://www.lamoda.ru/p/MP002XU02HQ5;
false;55,61,;http://www.lamoda.ru/p/MP002XU02HQB;
false;55,57,61,;http://www.lamoda.ru/p/MP002XU02HQC;
false;55,59,61,;http://www.lamoda.ru/p/MP002XU02HQF;
false;55,59,61,;http://www.lamoda.ru/p/MP002XU02HQG;
false;55,56,57,59,60,61,;http://www.lamoda.ru/p/MP002XU02HQS;
true;O/S;http://www.lamoda.ru/p/MP002XU02HQZ;
false;59,61,;http://www.lamoda.ru/p/MP002XU02HST;
true;O/S;http://www.lamoda.ru/p/MP002XU02HSU;
false;59,61,;http://www.lamoda.ru/p/MP002XU02K43;
false;O/S;http://www.lamoda.ru/p/MP002XU02KEA;
false;O/S;http://www.lamoda.ru/p/MP002XU02KEL;
false;55,61,;http://www.lamoda.ru/p/MP002XU02KF9;
false;57,59,;http://www.lamoda.ru/p/MP002XU02KGP;
false;57,59,61,;http://www.lamoda.ru/p/MP002XU02KGR;
false;O/S;http://www.lamoda.ru/p/MP002XU02NJN;
true;O/S;http://www.lamoda.ru/p/MP002XU02NJT;
false;O/S;http://www.lamoda.ru/p/MP002XU02NJU;
false;55,;http://www.lamoda.ru/p/MP002XU02NK3;
false;55,;http://www.lamoda.ru/p/MP002XU02RXH;
false;55,57,61,;http://www.lamoda.ru/p/MP002XU02RXI;
false;57,61,;http://www.lamoda.ru/p/MP002XU02RXJ;
false;57,59,61,;http://www.lamoda.ru/p/MP002XU02SFQ;
false;55,56,62,;http://www.lamoda.ru/p/MP002XU02SFR;
false;55,57,61,;http://www.lamoda.ru/p/MP002XU02SFS;
false;55,57,61,;http://www.lamoda.ru/p/MP002XU02SFT;
false;57,59,61,;http://www.lamoda.ru/p/MP002XU02SFX;
false;55,59,61,;http://www.lamoda.ru/p/MP002XU02SFZ;
false;59,61,;http://www.lamoda.ru/p/MP002XU02TBP;
true;O/S;http://www.lamoda.ru/p/MP002XU02TBS;
false;55,61,;http://www.lamoda.ru/p/MP002XU02TBU;
false;55,59,61,;http://www.lamoda.ru/p/MP002XU02TBV;
false;55,57,61,;http://www.lamoda.ru/p/MP002XU02TBY;
false;55,59,61,;http://www.lamoda.ru/p/MP002XU02TBZ;
true;O/S;http://www.lamoda.ru/p/MP002XU02TC0;
false;55,59,;http://www.lamoda.ru/p/MP002XU02TC1;
false;57,59,;http://www.lamoda.ru/p/MP002XU02TC2;
false;55,56,59,60,62,64,;http://www.lamoda.ru/p/MP002XU02YLD;
true;O/S;http://www.lamoda.ru/p/MP002XU02YLE;
false;56,58,59,60,61,62,64,;http://www.lamoda.ru/p/MP002XU02YLF;
false;57,58,60,;http://www.lamoda.ru/p/MP002XU02YLG;
false;57,61,;http://www.lamoda.ru/p/MP002XU02YLH;
false;56,58,60,62,63,;http://www.lamoda.ru/p/MP002XU02YLJ;
false;55,58,60,62,63,;http://www.lamoda.ru/p/MP002XU02YLK;
true;O/S;http://www.lamoda.ru/p/MP002XU02YLP;
false;55,56,58,59,60,61,62,63,;http://www.lamoda.ru/p/MP002XU02YLS;
false;61,;http://www.lamoda.ru/p/MP002XU02YM7;
false;55,59,61,;http://www.lamoda.ru/p/MP002XU02YMA;
false;56,58,60,62,;http://www.lamoda.ru/p/MP002XU02YMB;
false;55,;http://www.lamoda.ru/p/MP002XU02YMC;
false;55,61,63,;http://www.lamoda.ru/p/MP002XU02YMD;
false;56,59,61,63,;http://www.lamoda.ru/p/MP002XU02YME;
false;55,56,58,60,61,62,63,;http://www.lamoda.ru/p/MP002XU02YMF;
false;56,58,59,60,61,62,63,;http://www.lamoda.ru/p/MP002XU02YMH;
false;55,56,57,58,61,62,63,;http://www.lamoda.ru/p/MP002XU02YMN;
false;63,;http://www.lamoda.ru/p/MP002XU02YMO;
false;55,56,57,58,60,61,62,63,;http://www.lamoda.ru/p/MP002XU02YMQ;
false;57,58,60,61,62,63,;http://www.lamoda.ru/p/MP002XU02YMR;
false;55,56,57,60,63,;http://www.lamoda.ru/p/MP002XU02YMS;
false;57,61,63,;http://www.lamoda.ru/p/MP002XU02YMT;
false;55,;http://www.lamoda.ru/p/MP002XU02YMV;
false;55,61,;http://www.lamoda.ru/p/MP002XU02YMW;
false;56,57,58,60,;http://www.lamoda.ru/p/MP002XU02YMY;
false;55,56,59,60,;http://www.lamoda.ru/p/MP002XU02YN1;
false;55,56,57,60,61,;http://www.lamoda.ru/p/MP002XU02YN5;
false;55,59,;http://www.lamoda.ru/p/MP002XU02YN6;
false;55,57,60,;http://www.lamoda.ru/p/MP002XU02YN9;
false;55,59,61,;http://www.lamoda.ru/p/MP002XU02YNA;
false;Всё доступно;http://www.lamoda.ru/p/MP002XU02YNB;
false;55,;http://www.lamoda.ru/p/MP002XU02YND;
true;O/S;http://www.lamoda.ru/p/MP002XU02YNI;
false;56,58,60,61,62,;http://www.lamoda.ru/p/MP002XU02YNK;
false;57,61,;http://www.lamoda.ru/p/MP002XU02YNM;
false;57,61,;http://www.lamoda.ru/p/MP002XU02YNN;
false;55,56,58,60,61,;http://www.lamoda.ru/p/MP002XU02YNO;
false;55,56,57,60,61,63,;http://www.lamoda.ru/p/MP002XU02YNR;
false;55,63,;http://www.lamoda.ru/p/MP002XU02YNS;
false;57,58,59,60,;http://www.lamoda.ru/p/MP002XU02YNT;
false;57,58,60,61,;http://www.lamoda.ru/p/MP002XU02YNU;
false;56,58,59,60,;http://www.lamoda.ru/p/MP002XU02YNV;
false;55,56,58,60,61,;http://www.lamoda.ru/p/MP002XU02YNW;
false;Всё доступно;http://www.lamoda.ru/p/MP002XU02YNZ;
false;58,;http://www.lamoda.ru/p/MP002XU02YO3;
false;55,61,;http://www.lamoda.ru/p/MP002XU02YO4;
false;55,;http://www.lamoda.ru/p/MP002XU02YO5;
false;56,57,59,60,;http://www.lamoda.ru/p/MP002XU02YO7;
false;56,57,;http://www.lamoda.ru/p/MP002XU02YO8;
false;56,57,58,;http://www.lamoda.ru/p/MP002XU02YO9;
false;57,58,59,60,;http://www.lamoda.ru/p/MP002XU02YOA;
false;O/S;http://www.lamoda.ru/p/MP002XU02Z0L;
false;63,;http://www.lamoda.ru/p/MP002XU02Z0N;
true;O/S;http://www.lamoda.ru/p/MP002XU02Z0S;
false;61,;http://www.lamoda.ru/p/MP002XU02Z4F;
true;O/S;http://www.lamoda.ru/p/MP002XU0330Y;
true;O/S;http://www.lamoda.ru/p/MP002XU03310;
false;59,;http://www.lamoda.ru/p/MP002XU03312;
false;55,;http://www.lamoda.ru/p/MP002XU03316;
true;O/S;http://www.lamoda.ru/p/MP002XU03319;
true;O/S;http://www.lamoda.ru/p/MP002XU0331N;
true;O/S;http://www.lamoda.ru/p/MP002XU0331T;
false;O/S;http://www.lamoda.ru/p/MP002XU0331Y;
true;O/S;http://www.lamoda.ru/p/MP002XU03328;
true;O/S;http://www.lamoda.ru/p/MP002XU0332N;
true;O/S;http://www.lamoda.ru/p/MP002XU0332O;
false;O/S;http://www.lamoda.ru/p/MP002XU0332W;
true;O/S;http://www.lamoda.ru/p/MP002XU03332;
true;O/S;http://www.lamoda.ru/p/MP002XU03333;
false;55,61,;http://www.lamoda.ru/p/MP002XU0362C;
false;O/S;http://www.lamoda.ru/p/MP002XU0362D;
false;O/S;http://www.lamoda.ru/p/MP002XU0362F;
true;O/S;http://www.lamoda.ru/p/MP002XU0362H;
true;O/S;http://www.lamoda.ru/p/MP002XU0362K;
true;O/S;http://www.lamoda.ru/p/MP002XU0362L;
true;O/S;http://www.lamoda.ru/p/MP002XU0362Q;
true;O/S;http://www.lamoda.ru/p/MP002XU0362S;
true;O/S;http://www.lamoda.ru/p/MP002XU0362W;
false;55,59,61,63,;http://www.lamoda.ru/p/MP002XU03635;
true;O/S;http://www.lamoda.ru/p/MP002XU03636;
true;O/S;http://www.lamoda.ru/p/MP002XU0363A;
false;O/S;http://www.lamoda.ru/p/MP002XU0363B;
false;O/S;http://www.lamoda.ru/p/MP002XU0363N;
false;55,57,61,;http://www.lamoda.ru/p/MP002XU03643;
false;55,59,;http://www.lamoda.ru/p/MP002XU03644;
false;55,;http://www.lamoda.ru/p/MP002XU03645;
false;55,61,;http://www.lamoda.ru/p/MP002XU03647;
false;55,61,;http://www.lamoda.ru/p/MP002XU03649;
false;55,61,;http://www.lamoda.ru/p/MP002XU0364B;
false;55,61,63,;http://www.lamoda.ru/p/MP002XU0364H;
false;61,;http://www.lamoda.ru/p/MP002XU0364I;
false;55,56,57,58,;http://www.lamoda.ru/p/MP002XU0364M;
false;55,63,;http://www.lamoda.ru/p/MP002XU0364Q;
false;55,63,;http://www.lamoda.ru/p/MP002XU0364V;
false;55,57,61,63,;http://www.lamoda.ru/p/MP002XU0364W;
true;O/S;http://www.lamoda.ru/p/MP002XU0364X;
false;61,63,;http://www.lamoda.ru/p/MP002XU0364Y;
false;55,57,61,;http://www.lamoda.ru/p/MP002XU0364Z;
false;55,59,;http://www.lamoda.ru/p/MP002XU0365D;
false;55,63,;http://www.lamoda.ru/p/MP002XU0365E;
false;55,59,61,63,;http://www.lamoda.ru/p/MP002XU0365F;
false;55,57,;http://www.lamoda.ru/p/MP002XU0365G;
false;55,61,63,;http://www.lamoda.ru/p/MP002XU0365K;
false;55,61,63,;http://www.lamoda.ru/p/MP002XU0365N;
false;57,59,63,;http://www.lamoda.ru/p/MP002XU0365Q;
false;55,59,61,;http://www.lamoda.ru/p/MP002XU036IX;
false;55,59,61,;http://www.lamoda.ru/p/MP002XU036J0;
false;61,63,;http://www.lamoda.ru/p/MP002XU036J2;
false;55,63,;http://www.lamoda.ru/p/MP002XU036J5;
true;O/S;http://www.lamoda.ru/p/MP002XU036J9;
false;O/S;http://www.lamoda.ru/p/MP002XU036OI;
true;O/S;http://www.lamoda.ru/p/MP002XU036OT;
true;O/S;http://www.lamoda.ru/p/MP002XU036PF;
false;55,63,;http://www.lamoda.ru/p/MP002XU036Q5;
true;O/S;http://www.lamoda.ru/p/MP002XU036QA;
false;59,63,;http://www.lamoda.ru/p/MP002XU036QR;
false;55,;http://www.lamoda.ru/p/MP002XU036QS;
false;57,59,61,;http://www.lamoda.ru/p/MP002XU036R2;
false;55,;http://www.lamoda.ru/p/MP002XU036R4;
false;58,59,60,62,;http://www.lamoda.ru/p/MP002XU036R6;
false;55,61,;http://www.lamoda.ru/p/MP002XU036RE;
false;55,61,;http://www.lamoda.ru/p/MP002XU037CU;
false;55,61,;http://www.lamoda.ru/p/MP002XU037CW;
false;59,61,;http://www.lamoda.ru/p/MP002XU037CX;
false;55,61,;http://www.lamoda.ru/p/MP002XU037CZ;
false;Всё доступно;http://www.lamoda.ru/p/MP002XU037DD;
false;55,;http://www.lamoda.ru/p/MP002XU037DM;
false;55,61,63,;http://www.lamoda.ru/p/MP002XU037DV;
false;55,57,61,;http://www.lamoda.ru/p/MP002XU037FQ;
false;55,;http://www.lamoda.ru/p/MP002XU0393W;
false;55,;http://www.lamoda.ru/p/MP002XU0393Y;
false;61,;http://www.lamoda.ru/p/MP002XU03940;
false;55,;http://www.lamoda.ru/p/MP002XU03942;
false;55,57,61,;http://www.lamoda.ru/p/MP002XU03944;
false;55,;http://www.lamoda.ru/p/MP002XU03945;
false;55,;http://www.lamoda.ru/p/MP002XU03946;
false;O/S;http://www.lamoda.ru/p/MP002XU03E0Q;
true;O/S;http://www.lamoda.ru/p/MP002XU03E0S;
false;O/S;http://www.lamoda.ru/p/MP002XU03E0T;
true;O/S;http://www.lamoda.ru/p/MP002XU03E0V;
false;O/S;http://www.lamoda.ru/p/MP002XU03E0W;
false;O/S;http://www.lamoda.ru/p/MP002XU03E10;
true;O/S;http://www.lamoda.ru/p/MP002XU03E11;
true;O/S;http://www.lamoda.ru/p/MP002XU03E15;
false;O/S;http://www.lamoda.ru/p/MP002XU03E17;
false;55,59,61,;http://www.lamoda.ru/p/MP002XU03G0G;
false;57,58,60,61,;http://www.lamoda.ru/p/MP002XU03G0L;
false;58,60,;http://www.lamoda.ru/p/MP002XU03G0M;
false;56,57,58,60,61,;http://www.lamoda.ru/p/MP002XU03G0N;
false;56,57,59,60,61,;http://www.lamoda.ru/p/MP002XU03G0P;
false;55,56,58,60,;http://www.lamoda.ru/p/MP002XU03G0Q;
false;55,57,61,;http://www.lamoda.ru/p/MP002XU03G0S;
false;57,61,;http://www.lamoda.ru/p/MP002XU03G12;
false;O/S;http://www.lamoda.ru/p/MP002XU03G17;
false;O/S;http://www.lamoda.ru/p/MP002XU03G19;
false;O/S;http://www.lamoda.ru/p/MP002XU03GEG;
false;O/S;http://www.lamoda.ru/p/MP002XU03HRL;
false;O/S;http://www.lamoda.ru/p/MP002XU03HRT;
false;57,63,;http://www.lamoda.ru/p/MP002XU03HZ5;
false;55,57,59,;http://www.lamoda.ru/p/MP002XU03HZ6;
false;55,59,61,;http://www.lamoda.ru/p/MP002XU03JOE;
false;58,59,60,61,63,;http://www.lamoda.ru/p/MP002XU03K52;
false;56,57,58,61,62,63,;http://www.lamoda.ru/p/MP002XU03K53;
false;56,57,58,59,60,62,63,;http://www.lamoda.ru/p/MP002XU03K54;
false;55,63,;http://www.lamoda.ru/p/MP002XU03K55;
false;61,63,;http://www.lamoda.ru/p/MP002XU03K56;
false;O/S;http://www.lamoda.ru/p/MP002XU03K57;
false;O/S;http://www.lamoda.ru/p/MP002XU03K58;
true;O/S;http://www.lamoda.ru/p/MP002XU03K5A;
false;O/S;http://www.lamoda.ru/p/MP002XU03K5B;
false;O/S;http://www.lamoda.ru/p/MP002XU03K5C;
false;61,63,;http://www.lamoda.ru/p/MP002XU03K5F;
false;55,63,;http://www.lamoda.ru/p/MP002XU03K5G;
false;63,;http://www.lamoda.ru/p/MP002XU03K5H;
false;55,59,61,;http://www.lamoda.ru/p/MP002XU03K5I;
false;O/S;http://www.lamoda.ru/p/MP002XU03K5M;
false;O/S;http://www.lamoda.ru/p/MP002XU03K5T;
false;O/S;http://www.lamoda.ru/p/MP002XU03K5V;
false;O/S;http://www.lamoda.ru/p/MP002XU03K60;
true;O/S;http://www.lamoda.ru/p/MP002XU03K62;
true;O/S;http://www.lamoda.ru/p/MP002XU03K6A;
false;Всё доступно;http://www.lamoda.ru/p/MP002XU03KJ9;
false;59,61,63,;http://www.lamoda.ru/p/MP002XU03KK7;
false;57,59,;http://www.lamoda.ru/p/MP002XU03KKB;
false;55,58,59,60,61,63,;http://www.lamoda.ru/p/MP002XU03KKG;
false;55,56,58,59,60,61,62,63,64,;http://www.lamoda.ru/p/MP002XU03KKL;
false;56,63,;http://www.lamoda.ru/p/MP002XU03KKU;
false;O/S;http://www.lamoda.ru/p/MP002XU03KLA;
false;O/S;http://www.lamoda.ru/p/MP002XU03KLB;
false;O/S;http://www.lamoda.ru/p/MP002XU03KLC;
false;57,59,61,;http://www.lamoda.ru/p/MP002XU03KMJ;
false;55,59,61,;http://www.lamoda.ru/p/MP002XU03KMK;
false;59,61,63,;http://www.lamoda.ru/p/MP002XU03KMZ;
false;59,;http://www.lamoda.ru/p/MP002XU03KPR;
false;55,57,;http://www.lamoda.ru/p/MP002XU03KPX;
false;56,58,59,60,62,63,;http://www.lamoda.ru/p/MP002XU03PT4;
false;57,61,;http://www.lamoda.ru/p/MP002XU03PT5;
false;O/S;http://www.lamoda.ru/p/MP002XU03PT6;
false;55,63,;http://www.lamoda.ru/p/MP002XU03PT7;
false;56,58,62,63,;http://www.lamoda.ru/p/MP002XU03PT8;
false;56,58,59,60,62,63,;http://www.lamoda.ru/p/MP002XU03PT9;
false;56,58,60,61,62,63,;http://www.lamoda.ru/p/MP002XU03PTA;
false;55,58,59,60,61,63,;http://www.lamoda.ru/p/MP002XU03PTD;
false;O/S;http://www.lamoda.ru/p/MP002XU03QZ3;
false;55,56,57,58,59,60,62,63,;http://www.lamoda.ru/p/MP002XU03QZ6;
false;55,57,61,;http://www.lamoda.ru/p/MP002XU03QZ8;
false;57,59,63,;http://www.lamoda.ru/p/MP002XU03QZA;
false;57,63,;http://www.lamoda.ru/p/MP002XU03QZB;
false;57,63,;http://www.lamoda.ru/p/MP002XU03QZC;
false;57,61,;http://www.lamoda.ru/p/MP002XU03QZD;
false;23,;http://www.lamoda.ru/p/MP002XU03R0S;
false;24,26,;http://www.lamoda.ru/p/MP002XU03R0T;
true;O/S;http://www.lamoda.ru/p/MP002XU03TA3;
false;O/S;http://www.lamoda.ru/p/MP002XU03TA6;
true;O/S;http://www.lamoda.ru/p/MP002XU03TAP;
true;O/S;http://www.lamoda.ru/p/MP002XU03WWF;
true;O/S;http://www.lamoda.ru/p/MP002XU03WWL;
false;55,63,;http://www.lamoda.ru/p/MP002XU03WWT;
false;55,;http://www.lamoda.ru/p/MP002XU03WWX;
false;55,57,59,;http://www.lamoda.ru/p/MP002XU03WX1;
false;56,57,58,60,61,62,63,;http://www.lamoda.ru/p/MP002XU03WYX;
false;56,57,58,62,63,;http://www.lamoda.ru/p/MP002XU03WYZ;
false;57,63,;http://www.lamoda.ru/p/MP002XU03WZ1;
false;55,56,58,60,62,;http://www.lamoda.ru/p/MP002XU03WZ6;
false;55,56,57,58,59,60,62,63,;http://www.lamoda.ru/p/MP002XU03WZ7;
false;57,59,;http://www.lamoda.ru/p/MP002XU03WZF;
false;O/S;http://www.lamoda.ru/p/MP002XU03WZQ;
false;O/S;http://www.lamoda.ru/p/MP002XU03WZS;
false;57,59,61,;http://www.lamoda.ru/p/MP002XU03X1R;
false;63,;http://www.lamoda.ru/p/MP002XU03X2D;
true;O/S;http://www.lamoda.ru/p/MP002XU03XSE;
true;O/S;http://www.lamoda.ru/p/MP002XU03XSG;
false;56,58,59,60,62,63,;http://www.lamoda.ru/p/MP002XU03XSL;
false;55,56,57,58,62,;http://www.lamoda.ru/p/MP002XU03XSN;
false;56,58,60,62,63,;http://www.lamoda.ru/p/MP002XU03XSO;
false;55,63,;http://www.lamoda.ru/p/MP002XU03XSQ;
false;55,56,57,58,60,62,63,;http://www.lamoda.ru/p/MP002XU03XST;
false;55,56,58,62,63,;http://www.lamoda.ru/p/MP002XU03XSX;
false;55,56,57,60,62,63,;http://www.lamoda.ru/p/MP002XU03XSY;
false;55,56,58,60,62,63,;http://www.lamoda.ru/p/MP002XU03XSZ;
false;55,56,58,60,62,63,;http://www.lamoda.ru/p/MP002XU03XT0;
false;55,56,58,60,62,63,;http://www.lamoda.ru/p/MP002XU03XT1;
true;O/S;http://www.lamoda.ru/p/MP002XU03XT2;
false;O/S;http://www.lamoda.ru/p/MP002XU03XT6;
false;O/S;http://www.lamoda.ru/p/MP002XU03XTD;
false;O/S;http://www.lamoda.ru/p/MP002XU03XTI;
false;O/S;http://www.lamoda.ru/p/MP002XU03XTM;
false;57,63,;http://www.lamoda.ru/p/MP002XU03XU2;
false;57,63,;http://www.lamoda.ru/p/MP002XU03XU3;
false;63,;http://www.lamoda.ru/p/MP002XU03XU4;
false;55,57,;http://www.lamoda.ru/p/MP002XU03XU5;
false;Всё доступно;http://www.lamoda.ru/p/MP002XU03XU8;
false;57,61,63,;http://www.lamoda.ru/p/MP002XU03XU9;
false;57,63,;http://www.lamoda.ru/p/MP002XU03XUA;
false;59,;http://www.lamoda.ru/p/MP002XU03XUG;
false;55,59,63,;http://www.lamoda.ru/p/MP002XU045TL;
true;O/S;http://www.lamoda.ru/p/MP002XU045TN;
false;57,59,61,;http://www.lamoda.ru/p/MP002XU045TP;
false;55,61,;http://www.lamoda.ru/p/MP002XU045TQ;
false;55,57,61,63,;http://www.lamoda.ru/p/MP002XU045TR;
false;55,59,61,63,;http://www.lamoda.ru/p/MP002XU045TT;
false;55,57,63,;http://www.lamoda.ru/p/MP002XU045TW;
false;55,57,59,63,;http://www.lamoda.ru/p/MP002XU045U0;
true;O/S;http://www.lamoda.ru/p/MP002XU045U1;
false;55,63,;http://www.lamoda.ru/p/MP002XU045U3;
false;Всё доступно;http://www.lamoda.ru/p/MP002XU046HZ;
false;Всё доступно;http://www.lamoda.ru/p/MP002XU046I0;
false;57,59,;http://www.lamoda.ru/p/MP002XU046I3;
false;55,57,59,63,;http://www.lamoda.ru/p/MP002XU046I6;
false;59,61,63,;http://www.lamoda.ru/p/MP002XU046I9;
true;O/S;http://www.lamoda.ru/p/MP002XU04806;
false;61,;http://www.lamoda.ru/p/MP002XU04808;
false;55,57,61,;http://www.lamoda.ru/p/MP002XU048BJ;
true;O/S;http://www.lamoda.ru/p/MP002XU048JC;
true;O/S;http://www.lamoda.ru/p/MP002XU048JI;
true;O/S;http://www.lamoda.ru/p/MP002XU048JP;
true;O/S;http://www.lamoda.ru/p/MP002XU048JR;
true;O/S;http://www.lamoda.ru/p/MP002XU048JV;
true;O/S;http://www.lamoda.ru/p/MP002XU048K6;
false;55,57,;http://www.lamoda.ru/p/MP002XU048KA;
false;55,57,59,;http://www.lamoda.ru/p/MP002XU04DN3;
false;55,61,;http://www.lamoda.ru/p/MP002XU04DN5;
false;22,;http://www.lamoda.ru/p/MP002XU04DXC;
false;55,57,61,;http://www.lamoda.ru/p/MP002XU04EM4;
false;O/S;http://www.lamoda.ru/p/MP002XU04EM6;
false;63,;http://www.lamoda.ru/p/MP002XU04EME;
false;61,;http://www.lamoda.ru/p/MP002XU04EMF;
false;55,59,61,63,;http://www.lamoda.ru/p/MP002XU04EMJ;
false;55,63,;http://www.lamoda.ru/p/MP002XU04EMK;
false;55,61,63,;http://www.lamoda.ru/p/MP002XU04EML;
false;55,63,;http://www.lamoda.ru/p/MP002XU04EMM;
false;55,;http://www.lamoda.ru/p/MP002XU04EMN;
false;63,;http://www.lamoda.ru/p/MP002XU04EMQ;
false;55,61,;http://www.lamoda.ru/p/MP002XU04EMS;
false;61,63,;http://www.lamoda.ru/p/MP002XU04EMT;
false;55,61,;http://www.lamoda.ru/p/MP002XU04EMU;
false;55,61,;http://www.lamoda.ru/p/MP002XU04EMV;
false;55,61,63,;http://www.lamoda.ru/p/MP002XU04EN0;
false;55,59,63,;http://www.lamoda.ru/p/MP002XU04EN9;
false;55,61,63,;http://www.lamoda.ru/p/MP002XU04ENB;
false;57,59,61,;http://www.lamoda.ru/p/MP002XU04ENE;
true;O/S;http://www.lamoda.ru/p/MP002XU04M4H;
true;O/S;http://www.lamoda.ru/p/MP002XU04M4L;
false;61,63,;http://www.lamoda.ru/p/MP002XU04M4O;
false;57,61,;http://www.lamoda.ru/p/MP002XU04M4P;
false;63,;http://www.lamoda.ru/p/MP002XU04M4R;
false;58,60,63,;http://www.lamoda.ru/p/MP002XU04M4S;
false;58,60,62,63,;http://www.lamoda.ru/p/MP002XU04M4T;
false;57,58,60,63,;http://www.lamoda.ru/p/MP002XU04M4U;
false;63,;http://www.lamoda.ru/p/MP002XU04M4V;
false;57,63,;http://www.lamoda.ru/p/MP002XU04M4W;
false;57,58,60,61,62,63,;http://www.lamoda.ru/p/MP002XU04M4X;
false;57,63,;http://www.lamoda.ru/p/MP002XU04M4Y;
false;61,63,;http://www.lamoda.ru/p/MP002XU04M4Z;
false;59,61,63,;http://www.lamoda.ru/p/MP002XU04M51;
false;62,63,;http://www.lamoda.ru/p/MP002XU04M54;
false;56,58,60,62,;http://www.lamoda.ru/p/MP002XU04M55;
false;55,56,59,60,61,62,63,;http://www.lamoda.ru/p/MP002XU04M56;
false;61,;http://www.lamoda.ru/p/MP002XU04M57;
false;63,;http://www.lamoda.ru/p/MP002XU04M58;
false;56,58,60,62,63,;http://www.lamoda.ru/p/MP002XU04M5A;
false;60,61,63,;http://www.lamoda.ru/p/MP002XU04M5C;
false;57,59,63,;http://www.lamoda.ru/p/MP002XU04M5D;
false;58,59,60,62,63,;http://www.lamoda.ru/p/MP002XU04M5E;
false;63,;http://www.lamoda.ru/p/MP002XU04M5F;
true;O/S;http://www.lamoda.ru/p/MP002XU04M5I;
false;56,58,59,60,61,62,63,;http://www.lamoda.ru/p/MP002XU04M5J;
false;59,;http://www.lamoda.ru/p/MP002XU04M5K;
false;O/S;http://www.lamoda.ru/p/MP002XU04M5X;
false;O/S;http://www.lamoda.ru/p/MP002XU04M5Z;
false;O/S;http://www.lamoda.ru/p/MP002XU04M61;
false;O/S;http://www.lamoda.ru/p/MP002XU04M63;
true;O/S;http://www.lamoda.ru/p/MP002XU04M64;
false;O/S;http://www.lamoda.ru/p/MP002XU04M65;
false;O/S;http://www.lamoda.ru/p/MP002XU04M68;
true;O/S;http://www.lamoda.ru/p/MP002XU04M6B;
false;61,;http://www.lamoda.ru/p/MP002XU04M6F;
false;55,61,63,;http://www.lamoda.ru/p/MP002XU04M6H;
false;57,;http://www.lamoda.ru/p/MP002XU04M6I;
false;Всё доступно;http://www.lamoda.ru/p/MP002XU04M6K;
false;55,63,;http://www.lamoda.ru/p/MP002XU04M6L;
false;55,63,;http://www.lamoda.ru/p/MP002XU04M6M;
false;59,63,;http://www.lamoda.ru/p/MP002XU04M6N;
false;57,61,;http://www.lamoda.ru/p/MP002XU04M6O;
false;57,;http://www.lamoda.ru/p/MP002XU04M6R;
false;61,;http://www.lamoda.ru/p/MP002XU04M6S;
false;57,63,;http://www.lamoda.ru/p/MP002XU04M6T;
false;61,63,;http://www.lamoda.ru/p/MP002XU04M6V;
false;63,;http://www.lamoda.ru/p/MP002XU04M6W;
false;63,;http://www.lamoda.ru/p/MP002XU04M6X;
false;O/S;http://www.lamoda.ru/p/MP002XU04S4N;
false;O/S;http://www.lamoda.ru/p/MP002XU04S4W;
true;O/S;http://www.lamoda.ru/p/MP002XU04T83;
false;59,63,;http://www.lamoda.ru/p/MP002XU04T84;
true;O/S;http://www.lamoda.ru/p/MP002XU04T85;
false;57,59,;http://www.lamoda.ru/p/MP002XU04T8B;
false;Всё доступно;http://www.lamoda.ru/p/MP002XU04T8C;
false;57,;http://www.lamoda.ru/p/MP002XU04T8F;
false;56,;http://www.lamoda.ru/p/MP002XU04T8G;
true;O/S;http://www.lamoda.ru/p/MP002XU04T8H;
false;57,60,;http://www.lamoda.ru/p/MP002XU04T8J;
true;O/S;http://www.lamoda.ru/p/MP002XU04T8K;
false;56,58,60,62,63,;http://www.lamoda.ru/p/MP002XU04T8L;
false;55,59,63,;http://www.lamoda.ru/p/MP002XU04T8O;
false;56,58,62,;http://www.lamoda.ru/p/MP002XU04T8Q;
false;56,58,60,62,;http://www.lamoda.ru/p/MP002XU04T8R;
false;58,60,62,;http://www.lamoda.ru/p/MP002XU04T8S;
false;56,58,60,62,63,;http://www.lamoda.ru/p/MP002XU04T8U;
false;61,;http://www.lamoda.ru/p/MP002XU04T8Z;
false;Всё доступно;http://www.lamoda.ru/p/MP002XU04T90;
false;O/S;http://www.lamoda.ru/p/MP002XU04T98;
false;O/S;http://www.lamoda.ru/p/MP002XU04T99;
false;O/S;http://www.lamoda.ru/p/MP002XU04T9A;
false;O/S;http://www.lamoda.ru/p/MP002XU04T9C;
false;O/S;http://www.lamoda.ru/p/MP002XU04T9I;
true;O/S;http://www.lamoda.ru/p/MP002XU04T9L;
false;O/S;http://www.lamoda.ru/p/MP002XU04T9Q;
false;O/S;http://www.lamoda.ru/p/MP002XU04T9T;
false;O/S;http://www.lamoda.ru/p/MP002XU04T9W;
false;O/S;http://www.lamoda.ru/p/MP002XU04T9X;
false;57,59,;http://www.lamoda.ru/p/MP002XU04T9Z;
false;55,63,;http://www.lamoda.ru/p/MP002XU04TA0;
false;55,63,;http://www.lamoda.ru/p/MP002XU04TA1;
false;55,63,;http://www.lamoda.ru/p/MP002XU04TA2;
false;55,59,63,;http://www.lamoda.ru/p/MP002XU04TA3;
false;55,63,;http://www.lamoda.ru/p/MP002XU04TA4;
false;55,63,;http://www.lamoda.ru/p/MP002XU04TA5;
false;63,;http://www.lamoda.ru/p/MP002XU04TA7;
false;59,63,;http://www.lamoda.ru/p/MP002XU04TAA;
false;63,;http://www.lamoda.ru/p/MP002XU04TAB;
false;55,;http://www.lamoda.ru/p/MP002XU04TAE;
false;56,58,59,60,61,62,63,;http://www.lamoda.ru/p/MP002XU04TAF;
true;O/S;http://www.lamoda.ru/p/MP002XU04TAG;
false;61,63,;http://www.lamoda.ru/p/MP002XU04UOK;
false;59,63,;http://www.lamoda.ru/p/MP002XU04UOO;
false;57,;http://www.lamoda.ru/p/MP002XU04UOP;
false;55,61,63,;http://www.lamoda.ru/p/MP002XU04UOS;
false;O/S;http://www.lamoda.ru/p/MP002XU04UOW;
false;61,63,;http://www.lamoda.ru/p/MP002XU04UP0;
false;56,58,60,61,63,;http://www.lamoda.ru/p/MP002XU04UP1;
false;56,61,62,;http://www.lamoda.ru/p/MP002XU04UP3;
false;63,;http://www.lamoda.ru/p/MP002XU04UP6;
false;57,61,;http://www.lamoda.ru/p/MP002XU04UQU;
false;61,;http://www.lamoda.ru/p/MP002XU04UR4;
false;55,59,61,;http://www.lamoda.ru/p/MP002XU04UR6;
false;55,57,61,;http://www.lamoda.ru/p/MP002XU04US4;
false;55,57,61,;http://www.lamoda.ru/p/MP002XU04USY;
false;61,;http://www.lamoda.ru/p/MP002XU04UT8;
false;55,61,63,;http://www.lamoda.ru/p/MP002XU04UUF;
false;55,61,;http://www.lamoda.ru/p/MP002XU04UWF;
false;Всё доступно;http://www.lamoda.ru/p/MP002XU04WHI;
false;Всё доступно;http://www.lamoda.ru/p/MP002XU04WHJ;
false;55,;http://www.lamoda.ru/p/MP002XU04WHK;
false;55,;http://www.lamoda.ru/p/MP002XU04WHL;
false;55,;http://www.lamoda.ru/p/MP002XU04WHM;
false;Всё доступно;http://www.lamoda.ru/p/MP002XU04WHN;
false;Всё доступно;http://www.lamoda.ru/p/MP002XU04WHP;
false;55,59,61,;http://www.lamoda.ru/p/MP002XU04WHQ;
false;55,;http://www.lamoda.ru/p/MP002XU04WHR;
false;Всё доступно;http://www.lamoda.ru/p/MP002XU04WHS;
false;57,;http://www.lamoda.ru/p/MP002XU04WHT;
false;55,57,;http://www.lamoda.ru/p/MP002XU04WHU;
false;55,;http://www.lamoda.ru/p/MP002XU04WHV;
false;55,57,;http://www.lamoda.ru/p/MP002XU04WHW;
false;Всё доступно;http://www.lamoda.ru/p/MP002XU04WHY;
false;57,59,;http://www.lamoda.ru/p/MP002XU04WHZ;
false;61,;http://www.lamoda.ru/p/MP002XU04WI0;
false;61,;http://www.lamoda.ru/p/MP002XU04WI1;
false;56,58,60,;http://www.lamoda.ru/p/MP002XU04WID;
false;56,58,60,;http://www.lamoda.ru/p/MP002XU04WIF;
false;56,58,60,;http://www.lamoda.ru/p/MP002XU04WIG;
false;57,58,59,60,;http://www.lamoda.ru/p/MP002XU04WIH;
false;56,57,58,60,61,62,;http://www.lamoda.ru/p/MP002XU04WII;
false;57,;http://www.lamoda.ru/p/MP002XU04WIO;
false;57,;http://www.lamoda.ru/p/MP002XU04WIP;
true;O/S;http://www.lamoda.ru/p/MP002XU04WIR;
false;55,57,;http://www.lamoda.ru/p/MP002XU04WJ5;
false;57,61,;http://www.lamoda.ru/p/MP002XU04WJ9;
false;57,;http://www.lamoda.ru/p/MP002XU04WJE;
false;61,;http://www.lamoda.ru/p/MP002XU04WJN;
false;57,59,;http://www.lamoda.ru/p/MP002XU04WJO;
false;61,;http://www.lamoda.ru/p/MP002XU04WJQ;
true;O/S;http://www.lamoda.ru/p/MP002XU04WJR;
false;57,;http://www.lamoda.ru/p/MP002XU04WJT;
false;57,;http://www.lamoda.ru/p/MP002XU04WJU;
false;Всё доступно;http://www.lamoda.ru/p/MP002XU04WK0;
false;59,61,;http://www.lamoda.ru/p/MP002XU04WK1;
false;Всё доступно;http://www.lamoda.ru/p/MP002XU04WK4;
true;O/S;http://www.lamoda.ru/p/MP002XU04WK5;
false;55,;http://www.lamoda.ru/p/MP002XU04WLB;
false;55,;http://www.lamoda.ru/p/MP002XU04WLS;
false;55,;http://www.lamoda.ru/p/MP002XU04WLW;
false;O/S;http://www.lamoda.ru/p/MP002XU04YU9;
false;O/S;http://www.lamoda.ru/p/MP002XU04YWS;
false;O/S;http://www.lamoda.ru/p/MP002XU04YWU;
false;O/S;http://www.lamoda.ru/p/MP002XU04YX2;
false;O/S;http://www.lamoda.ru/p/MP002XU04YXR;
true;O/S;http://www.lamoda.ru/p/MP002XU04YXV;
false;O/S;http://www.lamoda.ru/p/MP002XU04YXX;
false;O/S;http://www.lamoda.ru/p/MP002XU04YY1;
false;O/S;http://www.lamoda.ru/p/MP002XU04YY8;
false;O/S;http://www.lamoda.ru/p/MP002XU04YYA;
false;O/S;http://www.lamoda.ru/p/MP002XU04YYC;
false;O/S;http://www.lamoda.ru/p/MP002XU04YYE;
true;O/S;http://www.lamoda.ru/p/MP002XU04YZ7;
false;O/S;http://www.lamoda.ru/p/MP002XU04YZC;
true;O/S;http://www.lamoda.ru/p/MP002XU04YZD;
true;O/S;http://www.lamoda.ru/p/MP002XU04YZF;
false;O/S;http://www.lamoda.ru/p/MP002XU04YZO;
false;O/S;http://www.lamoda.ru/p/MP002XU04Z04;
true;O/S;http://www.lamoda.ru/p/MP002XU04Z0B;
false;O/S;http://www.lamoda.ru/p/MP002XU04Z0F;
true;O/S;http://www.lamoda.ru/p/MP002XU04Z0N;
false;O/S;http://www.lamoda.ru/p/MP002XU04Z0U;
true;O/S;http://www.lamoda.ru/p/MP002XU04Z1P;
true;O/S;http://www.lamoda.ru/p/MP002XU04Z2Z;
true;O/S;http://www.lamoda.ru/p/MP002XU04ZU9;
false;55,57,61,;http://www.lamoda.ru/p/MP002XU04ZUC;
true;O/S;http://www.lamoda.ru/p/MP002XU0E16Z;
false;55,59,63,;http://www.lamoda.ru/p/MP002XU0E172;
false;Всё доступно;http://www.lamoda.ru/p/MP002XU0E174;
false;55,61,;http://www.lamoda.ru/p/MP002XU0E175;
false;55,63,;http://www.lamoda.ru/p/MP002XU0E179;
true;O/S;http://www.lamoda.ru/p/MP002XU0E17D;
false;55,59,63,;http://www.lamoda.ru/p/MP002XU0E17E;
false;58,59,61,62,;http://www.lamoda.ru/p/MP002XU0E17F;
false;55,63,;http://www.lamoda.ru/p/MP002XU0E17M;
false;61,;http://www.lamoda.ru/p/MP002XU0E17O;
false;57,61,63,;http://www.lamoda.ru/p/MP002XU0E17P;
false;55,57,63,;http://www.lamoda.ru/p/MP002XU0E17V;
false;55,57,61,63,;http://www.lamoda.ru/p/MP002XU0E182;
false;55,59,61,63,;http://www.lamoda.ru/p/MP002XU0E187;
false;59,61,63,;http://www.lamoda.ru/p/MP002XU0E189;
false;55,57,61,;http://www.lamoda.ru/p/MP002XU0E18M;
false;55,57,63,;http://www.lamoda.ru/p/MP002XU0E18Y;
false;55,57,63,;http://www.lamoda.ru/p/MP002XU0E18Z;
false;61,;http://www.lamoda.ru/p/MP002XU0E190;
false;57,59,;http://www.lamoda.ru/p/MP002XU0E192;
false;57,59,61,;http://www.lamoda.ru/p/MP002XU0E196;
false;55,57,;http://www.lamoda.ru/p/MP002XU0E19J;
false;Всё доступно;http://www.lamoda.ru/p/MP002XU0E19L;
false;55,;http://www.lamoda.ru/p/MP002XU0E19T;
false;55,57,59,;http://www.lamoda.ru/p/MP002XU0E1A0;
false;55,57,;http://www.lamoda.ru/p/MP002XU0E1A3;
false;Всё доступно;http://www.lamoda.ru/p/MP002XU0E1AK;
false;57,59,;http://www.lamoda.ru/p/MP002XU0E1AL;
false;55,56,57,58,60,61,62,;http://www.lamoda.ru/p/MP002XU0E1B7;
false;55,63,;http://www.lamoda.ru/p/MP002XU0E1BI;
false;55,63,;http://www.lamoda.ru/p/MP002XU0E1BJ;
false;55,61,63,;http://www.lamoda.ru/p/MP002XU0E1BK;
false;55,61,;http://www.lamoda.ru/p/MP002XU0E1BN;
false;57,;http://www.lamoda.ru/p/MP002XU0E1BO;
true;O/S;http://www.lamoda.ru/p/MP002XU0E1WK;
false;55,57,61,63,;http://www.lamoda.ru/p/MP002XU0E1XG;
false;55,59,61,;http://www.lamoda.ru/p/MP002XU0E1XN;
true;O/S;http://www.lamoda.ru/p/MP002XU0E1ZJ;
false;55,57,61,;http://www.lamoda.ru/p/MP002XU0E20G;
false;57,59,61,;http://www.lamoda.ru/p/MP002XU0E20M;
false;55,61,;http://www.lamoda.ru/p/MP002XU0E20O;
false;55,57,59,;http://www.lamoda.ru/p/MP002XU0E20P;
false;55,57,61,;http://www.lamoda.ru/p/MP002XU0E20Q;
false;57,59,;http://www.lamoda.ru/p/MP002XU0E2AR;
true;O/S;http://www.lamoda.ru/p/MP002XU0E7C5;
false;55,57,;http://www.lamoda.ru/p/MP002XU0E7C7;
false;55,57,;http://www.lamoda.ru/p/MP002XU0E7C9;
false;55,56,57,58,60,61,62,;http://www.lamoda.ru/p/MP002XU0E7CC;
false;55,56,58,62,;http://www.lamoda.ru/p/MP002XU0E7CG;
false;55,57,61,;http://www.lamoda.ru/p/MP002XU0E7CH;
false;55,57,61,;http://www.lamoda.ru/p/MP002XU0E7CI;
false;Всё доступно;http://www.lamoda.ru/p/MP002XU0E7CP;
false;55,57,63,;http://www.lamoda.ru/p/MP002XU0E7CQ;
false;61,63,;http://www.lamoda.ru/p/MP002XU0E7CS;
false;55,57,61,63,;http://www.lamoda.ru/p/MP002XU0E7CU;
false;O/S;http://www.lamoda.ru/p/MP002XU0E7CX;
false;61,;http://www.lamoda.ru/p/MP002XU0E7D2;
false;57,61,;http://www.lamoda.ru/p/MP002XU0E7D3;
false;59,;http://www.lamoda.ru/p/MP002XU0E7DC;
false;55,61,;http://www.lamoda.ru/p/MP002XU0E7DD;
false;55,57,;http://www.lamoda.ru/p/MP002XU0E7DF;
false;57,61,;http://www.lamoda.ru/p/MP002XU0E7DG;
false;55,57,61,;http://www.lamoda.ru/p/MP002XU0E7DH;
false;55,63,;http://www.lamoda.ru/p/MP002XU0E7DK;
false;56,57,58,60,61,62,63,;http://www.lamoda.ru/p/MP002XU0E7DL;
false;O/S;http://www.lamoda.ru/p/MP002XU0E7DO;
false;55,;http://www.lamoda.ru/p/MP002XU0E7DV;
false;55,57,61,;http://www.lamoda.ru/p/MP002XU0E7DW;
false;55,;http://www.lamoda.ru/p/MP002XU0E7DY;
false;Всё доступно;http://www.lamoda.ru/p/MP002XU0E7E1;
false;55,59,;http://www.lamoda.ru/p/MP002XU0E7E2;
false;55,57,;http://www.lamoda.ru/p/MP002XU0E7E3;
false;57,59,;http://www.lamoda.ru/p/MP002XU0E7E4;
false;55,61,;http://www.lamoda.ru/p/MP002XU0E7E5;
false;55,61,;http://www.lamoda.ru/p/MP002XU0E7EA;
false;55,57,;http://www.lamoda.ru/p/MP002XU0E7EC;
false;61,;http://www.lamoda.ru/p/MP002XU0E7EJ;
false;55,56,58,60,62,63,;http://www.lamoda.ru/p/MP002XU0E7EO;
false;55,61,;http://www.lamoda.ru/p/MP002XU0E7MS;
false;57,59,61,63,;http://www.lamoda.ru/p/MP002XU0E86C;
false;55,57,63,;http://www.lamoda.ru/p/MP002XU0E86E;
false;55,57,61,;http://www.lamoda.ru/p/MP002XU0E9I2;
false;55,57,63,;http://www.lamoda.ru/p/MP002XU0E9IA;
false;57,61,63,;http://www.lamoda.ru/p/MP002XU0E9IC;
false;Всё доступно;http://www.lamoda.ru/p/MP002XU0E9ID;
true;O/S;http://www.lamoda.ru/p/MP002XU0E9II;
false;55,57,63,;http://www.lamoda.ru/p/MP002XU0E9IN;
false;55,57,61,62,63,;http://www.lamoda.ru/p/MP002XU0E9IS;
false;55,56,58,60,62,63,;http://www.lamoda.ru/p/MP002XU0E9IT;
false;Всё доступно;http://www.lamoda.ru/p/MP002XU0E9IW;
false;55,56,57,58,60,62,63,;http://www.lamoda.ru/p/MP002XU0E9IZ;
false;55,56,58,60,62,63,;http://www.lamoda.ru/p/MP002XU0E9J1;
false;56,57,58,60,61,62,63,;http://www.lamoda.ru/p/MP002XU0E9J3;
false;O/S;http://www.lamoda.ru/p/MP002XU0E9ND;
false;O/S;http://www.lamoda.ru/p/MP002XU0E9NG;
false;57,61,;http://www.lamoda.ru/p/MP002XU0E9NI;
false;O/S;http://www.lamoda.ru/p/MP002XU0E9NK;
false;O/S;http://www.lamoda.ru/p/MP002XU0E9NO;
false;O/S;http://www.lamoda.ru/p/MP002XU0E9Q5;
false;61,;http://www.lamoda.ru/p/MP002XU0E9W2;
false;O/S;http://www.lamoda.ru/p/MP002XW01HHK;
false;O/S;http://www.lamoda.ru/p/MP002XW01HHP;
false;O/S;http://www.lamoda.ru/p/MP002XW01HHQ;
false;O/S;http://www.lamoda.ru/p/MP002XW01HHS;
false;O/S;http://www.lamoda.ru/p/MP002XW02DBV;
false;O/S;http://www.lamoda.ru/p/MP002XW02DBW;
false;O/S;http://www.lamoda.ru/p/MP002XW02DBX;
false;55,59,;http://www.lamoda.ru/p/MP002XW02EYX;
false;O/S;http://www.lamoda.ru/p/MP002XW02EZ0;
false;O/S;http://www.lamoda.ru/p/MP002XW02EZ2;
false;O/S;http://www.lamoda.ru/p/MP002XW02EZ4;
false;O/S;http://www.lamoda.ru/p/MP002XW02YDQ;
false;O/S;http://www.lamoda.ru/p/MP002XW02YDR;
false;O/S;http://www.lamoda.ru/p/MP002XW02YDT;
false;O/S;http://www.lamoda.ru/p/MP002XW02YDV;
true;O/S;http://www.lamoda.ru/p/MP002XW02YDW;
false;55,57,;http://www.lamoda.ru/p/MP002XW02YDZ;
false;55,59,;http://www.lamoda.ru/p/MP002XW02YE0;
false;O/S;http://www.lamoda.ru/p/MP002XW0318O;
false;O/S;http://www.lamoda.ru/p/MP002XW045NK;
false;O/S;http://www.lamoda.ru/p/MP002XW05CHV;
false;55,;http://www.lamoda.ru/p/MP002XW05JVW;
false;56,59,;http://www.lamoda.ru/p/MP002XW05JVX;
false;57,;http://www.lamoda.ru/p/MP002XW05JVY;
false;Всё доступно;http://www.lamoda.ru/p/MP002XW05JW0;
false;O/S;http://www.lamoda.ru/p/MP002XW05UFU;
false;O/S;http://www.lamoda.ru/p/MP002XW083KX;
false;O/S;http://www.lamoda.ru/p/MP002XW0B192;
false;O/S;http://www.lamoda.ru/p/MP002XW0B193;
false;O/S;http://www.lamoda.ru/p/MP002XW0B194;
false;O/S;http://www.lamoda.ru/p/MP002XW0B196;
true;O/S;http://www.lamoda.ru/p/MP002XW0B19A;
false;O/S;http://www.lamoda.ru/p/MP002XW0B19C;
false;O/S;http://www.lamoda.ru/p/MP002XW0B19D;
false;O/S;http://www.lamoda.ru/p/MP002XW0BPBU;
false;57,;http://www.lamoda.ru/p/MP002XW0BPCC;
false;Всё доступно;http://www.lamoda.ru/p/MP002XW0BPCD;
false;O/S;http://www.lamoda.ru/p/MP002XW0CAGS;
false;O/S;http://www.lamoda.ru/p/MP002XW0CAGT;
false;O/S;http://www.lamoda.ru/p/MP002XW0ENQM;
true;O/S;http://www.lamoda.ru/p/MP002XW0H6C7;
false;O/S;http://www.lamoda.ru/p/MP002XW0ITAF;
false;O/S;http://www.lamoda.ru/p/MP002XW0ITB7;
false;O/S;http://www.lamoda.ru/p/MP002XW0ITBB;
false;O/S;http://www.lamoda.ru/p/MP002XW0ITBC;
true;O/S;http://www.lamoda.ru/p/MP002XW0ITBK;
false;O/S;http://www.lamoda.ru/p/MP002XW0ITBS;
false;O/S;http://www.lamoda.ru/p/MP002XW0RI0T;
false;O/S;http://www.lamoda.ru/p/MP002XW0RI0V;
false;O/S;http://www.lamoda.ru/p/MP002XW0RI0W;
false;O/S;http://www.lamoda.ru/p/MP002XW0RI0Z;
false;O/S;http://www.lamoda.ru/p/MP002XW0RI10;
false;O/S;http://www.lamoda.ru/p/MP002XW0RI15;
false;O/S;http://www.lamoda.ru/p/MP002XW0RI17;
false;O/S;http://www.lamoda.ru/p/MP002XW0RI1D;
false;O/S;http://www.lamoda.ru/p/MP002XW0RI1I;
false;O/S;http://www.lamoda.ru/p/MP002XW0RI1N;
false;O/S;http://www.lamoda.ru/p/MP002XW0RI1R;
false;O/S;http://www.lamoda.ru/p/MP002XW0RI1V;
false;O/S;http://www.lamoda.ru/p/MP002XW0RI1W;
false;O/S;http://www.lamoda.ru/p/MP002XW0RI1X;
false;O/S;http://www.lamoda.ru/p/MP002XW0RI22;
false;O/S;http://www.lamoda.ru/p/MP002XW0RI29;
false;O/S;http://www.lamoda.ru/p/MP002XW0RI2B;
false;O/S;http://www.lamoda.ru/p/MP002XW0RI2F;
false;O/S;http://www.lamoda.ru/p/MP002XW0RI2H;
false;O/S;http://www.lamoda.ru/p/MP002XW0RI2J;
false;O/S;http://www.lamoda.ru/p/MP002XW0RI2K;
false;O/S;http://www.lamoda.ru/p/MP002XW0RI2V;
false;O/S;http://www.lamoda.ru/p/MP002XW0RI31;
false;55,59,;http://www.lamoda.ru/p/MP002XW0RI35;
true;O/S;http://www.lamoda.ru/p/MP002XW0RIMJ;
false;O/S;http://www.lamoda.ru/p/MP002XW0RIMU;
false;O/S;http://www.lamoda.ru/p/MP002XW0RIMW;
false;O/S;http://www.lamoda.ru/p/MP002XW0RIMX;
false;O/S;http://www.lamoda.ru/p/MP002XW0RIMY;
false;O/S;http://www.lamoda.ru/p/MP002XW0RIN3;
false;O/S;http://www.lamoda.ru/p/MP002XW0RZC5;
false;O/S;http://www.lamoda.ru/p/MP002XW0TFT5;
false;O/S;http://www.lamoda.ru/p/MP002XW0TSB8;
false;O/S;http://www.lamoda.ru/p/MP002XW0WJ3L;
false;O/S;http://www.lamoda.ru/p/MP002XW0WJ3M;
true;O/S;http://www.lamoda.ru/p/MP002XW0WJ3O;
false;O/S;http://www.lamoda.ru/p/MP002XW0WJ3U;
false;O/S;http://www.lamoda.ru/p/MP002XW0WJ3V;
false;O/S;http://www.lamoda.ru/p/MP002XW0WJ3W;
false;O/S;http://www.lamoda.ru/p/MP002XW0WJ3Y;
false;O/S;http://www.lamoda.ru/p/MP002XW0WJ3Z;
false;O/S;http://www.lamoda.ru/p/MP002XW0WJ42;
false;O/S;http://www.lamoda.ru/p/MP002XW0WJ44;
false;O/S;http://www.lamoda.ru/p/MP002XW0WJ45;
true;O/S;http://www.lamoda.ru/p/MP002XW0WJ47;
false;O/S;http://www.lamoda.ru/p/MP002XW0WJ48;
false;O/S;http://www.lamoda.ru/p/MP002XW0WJ4A;
false;O/S;http://www.lamoda.ru/p/MP002XW0WJ4B;
true;O/S;http://www.lamoda.ru/p/MP002XW0WJ4C;
false;O/S;http://www.lamoda.ru/p/MP002XW0WJ4L;
false;O/S;http://www.lamoda.ru/p/MP002XW0WJ4M;
false;O/S;http://www.lamoda.ru/p/MP002XW0WJ4N;
false;O/S;http://www.lamoda.ru/p/MP002XW1054X;
true;O/S;http://www.lamoda.ru/p/MP002XW10550;
false;O/S;http://www.lamoda.ru/p/MP002XW10AY7;
false;O/S;http://www.lamoda.ru/p/MP002XW10AYC;
false;55,;http://www.lamoda.ru/p/MP002XW10CS9;
false;O/S;http://www.lamoda.ru/p/MP002XW10CSM;
false;O/S;http://www.lamoda.ru/p/MP002XW10CSN;
false;O/S;http://www.lamoda.ru/p/MP002XW10OKS;
false;O/S;http://www.lamoda.ru/p/MP002XW10OKT;
false;O/S;http://www.lamoda.ru/p/MP002XW10OKV;
false;O/S;http://www.lamoda.ru/p/MP002XW10OKW;
false;55,59,;http://www.lamoda.ru/p/MP002XW10VB8;
false;O/S;http://www.lamoda.ru/p/MP002XW152R3;
false;O/S;http://www.lamoda.ru/p/MP002XW152R4;
false;O/S;http://www.lamoda.ru/p/MP002XW152R5;
false;O/S;http://www.lamoda.ru/p/MP002XW152R6;
false;O/S;http://www.lamoda.ru/p/MP002XW152R8;
false;O/S;http://www.lamoda.ru/p/MP002XW152RB;
false;O/S;http://www.lamoda.ru/p/MP002XW156C4;
false;O/S;http://www.lamoda.ru/p/MP002XW156C5;
false;56,;http://www.lamoda.ru/p/MP002XW18X98;
false;O/S;http://www.lamoda.ru/p/MP002XW18X9L;
false;O/S;http://www.lamoda.ru/p/MP002XW18X9M;
false;O/S;http://www.lamoda.ru/p/MP002XW18X9P;
false;O/S;http://www.lamoda.ru/p/MP002XW18X9S;
true;O/S;http://www.lamoda.ru/p/MP002XW18XA5;
false;O/S;http://www.lamoda.ru/p/MP002XW18XA8;
false;O/S;http://www.lamoda.ru/p/MP002XW18Y61;
false;O/S;http://www.lamoda.ru/p/MP002XW18ZC7;
false;55,;http://www.lamoda.ru/p/MP002XW1GBOZ;
false;O/S;http://www.lamoda.ru/p/MP002XW1HEFL;
false;O/S;http://www.lamoda.ru/p/MP002XW1HEFP;
false;56,;http://www.lamoda.ru/p/MP002XW1HEFX;
false;O/S;http://www.lamoda.ru/p/MP002XW1HEFY;
false;Всё доступно;http://www.lamoda.ru/p/MP002XW1HEFZ;
false;Всё доступно;http://www.lamoda.ru/p/MP002XW1HEG2;
false;O/S;http://www.lamoda.ru/p/MP002XW1I8LD;
true;O/S;http://www.lamoda.ru/p/MP002XW1IAYW;
false;O/S;http://www.lamoda.ru/p/MP002XW1IB00;
false;O/S;http://www.lamoda.ru/p/MP002XW1IB25;
false;O/S;http://www.lamoda.ru/p/MP002XW1IB26;

